id,expected_valid,expected_code,ts_valid,ts_code,py_valid,py_code,oracle_ts,oracle_py,cross_language
accept-profile,True,,True,,True,,True,True,True
accept-profile-with-signer-pin,True,,True,,True,,True,True,True
zip-not-an-archive,False,ZIP_INVALID_OR_UNSAFE,False,ZIP_INVALID_OR_UNSAFE,False,ZIP_INVALID_OR_UNSAFE,True,True,True
zip-too-many-entries,False,ZIP_INVALID_OR_UNSAFE,False,ZIP_INVALID_OR_UNSAFE,False,ZIP_INVALID_OR_UNSAFE,True,True,True
zip-unsafe-name,False,ZIP_INVALID_OR_UNSAFE,False,ZIP_INVALID_OR_UNSAFE,False,ZIP_INVALID_OR_UNSAFE,True,True,True
zip-duplicate-entry,False,ZIP_INVALID_OR_UNSAFE,False,ZIP_INVALID_OR_UNSAFE,False,ZIP_INVALID_OR_UNSAFE,True,True,True
missing-canonical,False,REQUIRED_ENTRY_MISSING,False,REQUIRED_ENTRY_MISSING,False,REQUIRED_ENTRY_MISSING,True,True,True
metadata-invalid-json,False,METADATA_INVALID_JSON,False,METADATA_INVALID_JSON,False,METADATA_INVALID_JSON,True,True,True
metadata-not-object,False,METADATA_NOT_OBJECT,False,METADATA_NOT_OBJECT,False,METADATA_NOT_OBJECT,True,True,True
canonical-mismatch,False,CANONICAL_FORM_MISMATCH,False,CANONICAL_FORM_MISMATCH,False,CANONICAL_FORM_MISMATCH,True,True,True
hash-mismatch,False,HASH_MISMATCH,False,HASH_MISMATCH,False,HASH_MISMATCH,True,True,True
signer-pin-mismatch,False,SIGNER_NOT_TRUSTED,False,SIGNER_NOT_TRUSTED,False,SIGNER_NOT_TRUSTED,True,True,True
rsa-signature-invalid,False,RSA_SIGNATURE_INVALID,False,RSA_SIGNATURE_INVALID,False,RSA_SIGNATURE_INVALID,True,True,True
overt-content-hash-mismatch,False,OVERT_INVALID,False,OVERT_INVALID,False,OVERT_INVALID,True,True,True
overt-signature-missing,False,OVERT_SIGNATURE_REQUIRED,False,OVERT_SIGNATURE_REQUIRED,False,OVERT_SIGNATURE_REQUIRED,True,True,True
overt-signature-invalid,False,OVERT_SIGNATURE_INVALID,False,OVERT_SIGNATURE_INVALID,False,OVERT_SIGNATURE_INVALID,True,True,True
pqc-half-pair,False,PQC_PAIR_INCOMPLETE,False,PQC_PAIR_INCOMPLETE,False,PQC_PAIR_INCOMPLETE,True,True,True
timestamp-empty,False,TSA_MISSING_OR_INVALID,False,TSA_MISSING_OR_INVALID,False,TSA_MISSING_OR_INVALID,True,True,True
timestamp-imprint-mismatch,False,TSA_IMPRINT_MISMATCH,False,TSA_IMPRINT_MISMATCH,False,TSA_IMPRINT_MISMATCH,True,True,True
timestamp-cert-missing,False,TSA_CERT_MISSING,False,TSA_CERT_MISSING,False,TSA_CERT_MISSING,True,True,True
timestamp-signature-invalid,False,TSA_SIGNATURE_INVALID,False,TSA_SIGNATURE_INVALID,False,TSA_SIGNATURE_INVALID,True,True,True
